"AGE_GROUP","Mean(Positive_Breath_Tests)","Mean(Positive_Drug_Tests)","Total_Positive_Count"
"0-16",11.6,16.125,27.725
"17-25",1261,1906.8,3167.8
"26-39",2196.916666666667,4367,6563.916666666667
"40-64",2239.3636363636365,4020.2,6259.563636363637
"65 and over",258.0833333333333,101.4,359.48333333333335
